Name,Employee ID,Timestamp
Emraan,EMP5679MAR,2024-11-30 10:18:10.167048
Emraan,EMP5679MAR,2024-11-30 10:18:10.231587
Emraan,EMP5679MAR,2024-11-30 10:18:10.466633
Emraan,EMP5679MAR,2024-11-30 10:18:10.535280
Emraan,EMP5679MAR,2024-11-30 10:18:10.566323
Emraan,EMP5679MAR,2024-11-30 10:18:10.594867
Emraan,EMP5679MAR,2024-11-30 10:18:10.723143
Emraan,EMP5679MAR,2024-11-30 10:18:10.929419
Emraan,EMP5679MAR,2024-11-30 10:18:10.961430
Emraan,EMP5679MAR,2024-11-30 10:18:11.337402
Emraan,EMP5679MAR,2024-11-30 10:18:11.477604
Emraan,EMP5679MAR,2024-11-30 10:18:11.541575
Emraan,EMP5679MAR,2024-11-30 10:18:11.571566
Emraan,EMP5679MAR,2024-11-30 10:18:11.603084
Emraan,EMP5679MAR,2024-11-30 10:18:11.904698
Emraan,EMP5679MAR,2024-11-30 10:18:12.032220
Emraan,EMP5679MAR,2024-11-30 10:18:12.129782
Emraan,EMP5679MAR,2024-11-30 10:18:12.247359
Emraan,EMP5679MAR,2024-11-30 10:18:12.311912
Hina,EMP1234RES,2024-11-30 10:18:14.243896
Hina,EMP1234RES,2024-11-30 10:18:14.280364
Hina,EMP1234RES,2024-11-30 10:18:14.314387
Hina,EMP1234RES,2024-11-30 10:18:14.347448
Hina,EMP1234RES,2024-11-30 10:18:14.378964
Hina,EMP1234RES,2024-11-30 10:18:14.410963
Hina,EMP1234RES,2024-11-30 10:18:14.523553
Hina,EMP1234RES,2024-11-30 10:18:14.552542
Hina,EMP1234RES,2024-11-30 10:18:14.580077
Hina,EMP1234RES,2024-11-30 10:18:14.737830
Hina,EMP1234RES,2024-11-30 10:18:14.823161
Emraan,EMP5679MAR,2024-11-30 10:18:14.918743
Emraan,EMP5679MAR,2024-11-30 10:18:15.828335
Hina,EMP1234RES,2024-11-30 10:18:16.689470
Hina,EMP1234RES,2024-11-30 10:18:16.724473
Hina,EMP1234RES,2024-11-30 10:18:16.757500
Hina,EMP1234RES,2024-11-30 10:18:16.791042
Hina,EMP1234RES,2024-11-30 10:18:16.820040
Hina,EMP1234RES,2024-11-30 10:18:16.904614
Hina,EMP1234RES,2024-11-30 10:18:16.935615
Emraan,EMP5679MAR,2024-11-30 10:18:18.071671
Emraan,EMP5679MAR,2024-11-30 10:18:18.097208
Emraan,EMP5679MAR,2024-11-30 10:18:18.131239
Emraan,EMP5679MAR,2024-11-30 10:18:18.192787
Hina,EMP1234RES,2024-11-30 10:18:19.792311
Hina,EMP1234RES,2024-11-30 10:18:19.828311
Hina,EMP1234RES,2024-11-30 10:18:19.876372
Hina,EMP1234RES,2024-11-30 10:18:19.909914
Hina,EMP1234RES,2024-11-30 10:18:19.945900
Hina,EMP1234RES,2024-11-30 10:18:19.975930
Hina,EMP1234RES,2024-11-30 10:18:20.005051
Hina,EMP1234RES,2024-11-30 10:18:20.031816
Hina,EMP1234RES,2024-11-30 10:18:20.067822
Hina,EMP1234RES,2024-11-30 10:18:20.097390
Hina,EMP1234RES,2024-11-30 10:18:20.129425
Hina,EMP1234RES,2024-11-30 10:18:20.161422
Hina,EMP1234RES,2024-11-30 10:18:20.198110
Hina,EMP1234RES,2024-11-30 10:18:20.246138
Hina,EMP1234RES,2024-11-30 10:18:20.275160
Hina,EMP1234RES,2024-11-30 10:18:20.302370
Hina,EMP1234RES,2024-11-30 10:18:20.338371
Hina,EMP1234RES,2024-11-30 10:18:20.367368
Hina,EMP1234RES,2024-11-30 10:18:20.404920
Hina,EMP1234RES,2024-11-30 10:18:20.430919
Hina,EMP1234RES,2024-11-30 10:18:20.465949
Hina,EMP1234RES,2024-11-30 10:18:20.494544
Hina,EMP1234RES,2024-11-30 10:18:20.597087
Hina,EMP1234RES,2024-11-30 10:18:20.637090
Hina,EMP1234RES,2024-11-30 10:18:20.677121
Hina,EMP1234RES,2024-11-30 10:18:20.711650
Hina,EMP1234RES,2024-11-30 10:18:20.740659
Hina,EMP1234RES,2024-11-30 10:18:20.769658
Hina,EMP1234RES,2024-11-30 10:18:20.800754
Hina,EMP1234RES,2024-11-30 10:18:20.831834
Hina,EMP1234RES,2024-11-30 10:18:20.863835
Hina,EMP1234RES,2024-11-30 10:18:20.906511
Hina,EMP1234RES,2024-11-30 10:18:20.930504
Hina,EMP1234RES,2024-11-30 10:18:20.961271
Hina,EMP1234RES,2024-11-30 10:18:20.995026
Hina,EMP1234RES,2024-11-30 10:18:21.040666
Hina,EMP1234RES,2024-11-30 10:18:21.077670
Hina,EMP1234RES,2024-11-30 10:18:21.109194
Hina,EMP1234RES,2024-11-30 10:18:21.168192
Hina,EMP1234RES,2024-11-30 10:18:21.203715
Hina,EMP1234RES,2024-11-30 10:18:21.240722
Hina,EMP1234RES,2024-11-30 10:18:21.297278
Hina,EMP1234RES,2024-11-30 10:18:21.326308
Hina,EMP1234RES,2024-11-30 10:18:21.537799
Hina,EMP1234RES,2024-11-30 10:18:21.588349
Hina,EMP1234RES,2024-11-30 10:18:21.609346
Hina,EMP1234RES,2024-11-30 10:18:21.640339
Hina,EMP1234RES,2024-11-30 10:18:21.690795
Hina,EMP1234RES,2024-11-30 10:18:21.720863
Hina,EMP1234RES,2024-11-30 10:18:21.752861
Hina,EMP1234RES,2024-11-30 10:18:21.793483
Hina,EMP1234RES,2024-11-30 10:18:21.828486
Hina,EMP1234RES,2024-11-30 10:18:21.862475
Hina,EMP1234RES,2024-11-30 10:18:21.894564
Hina,EMP1234RES,2024-11-30 10:18:21.924561
Hina,EMP1234RES,2024-11-30 10:18:21.957569
Hina,EMP1234RES,2024-11-30 10:18:21.989096
Hina,EMP1234RES,2024-11-30 10:18:22.030086
Hina,EMP1234RES,2024-11-30 10:18:22.063901
Hina,EMP1234RES,2024-11-30 10:18:22.106528
Hina,EMP1234RES,2024-11-30 10:18:22.143510
Hina,EMP1234RES,2024-11-30 10:18:22.163514
Hina,EMP1234RES,2024-11-30 10:18:22.195738
Hina,EMP1234RES,2024-11-30 10:18:22.225769
Hina,EMP1234RES,2024-11-30 10:18:22.275821
Hina,EMP1234RES,2024-11-30 10:18:22.308925
Hina,EMP1234RES,2024-11-30 10:18:22.334920
Hina,EMP1234RES,2024-11-30 10:18:22.369915
Hina,EMP1234RES,2024-11-30 10:18:22.406014
Hina,EMP1234RES,2024-11-30 10:18:22.440007
Hina,EMP1234RES,2024-11-30 10:18:22.474608
Hina,EMP1234RES,2024-11-30 10:18:22.506176
Hina,EMP1234RES,2024-11-30 10:18:22.538176
Hina,EMP1234RES,2024-11-30 10:18:22.571250
Hina,EMP1234RES,2024-11-30 10:18:22.596819
Hina,EMP1234RES,2024-11-30 10:18:22.629810
Hina,EMP1234RES,2024-11-30 10:18:22.677833
Hina,EMP1234RES,2024-11-30 10:18:22.772411
Hina,EMP1234RES,2024-11-30 10:18:22.805552
Hina,EMP1234RES,2024-11-30 10:18:22.840287
Hina,EMP1234RES,2024-11-30 10:18:22.866284
Hina,EMP1234RES,2024-11-30 10:18:22.895832
Hina,EMP1234RES,2024-11-30 10:18:22.930836
Hina,EMP1234RES,2024-11-30 10:18:22.961824
Hina,EMP1234RES,2024-11-30 10:18:22.996376
Hina,EMP1234RES,2024-11-30 10:18:23.023364
Hina,EMP1234RES,2024-11-30 10:18:23.073429
Hina,EMP1234RES,2024-11-30 10:18:23.103979
Hina,EMP1234RES,2024-11-30 10:18:23.135979
Hina,EMP1234RES,2024-11-30 10:18:23.172019
Hina,EMP1234RES,2024-11-30 10:18:23.200532
Hina,EMP1234RES,2024-11-30 10:18:23.235532
Hina,EMP1234RES,2024-11-30 10:18:23.272550
Hina,EMP1234RES,2024-11-30 10:18:23.298659
Hina,EMP1234RES,2024-11-30 10:18:23.331662
Hina,EMP1234RES,2024-11-30 10:18:23.362693
Hina,EMP1234RES,2024-11-30 10:18:23.400894
Hina,EMP1234RES,2024-11-30 10:18:23.427880
Hina,EMP1234RES,2024-11-30 10:18:23.469893
Hina,EMP1234RES,2024-11-30 10:18:23.505982
Hina,EMP1234RES,2024-11-30 10:18:23.535979
Hina,EMP1234RES,2024-11-30 10:18:23.566989
Hina,EMP1234RES,2024-11-30 10:18:23.606076
Hina,EMP1234RES,2024-11-30 10:18:23.632069
Hina,EMP1234RES,2024-11-30 10:18:23.660075
Hina,EMP1234RES,2024-11-30 10:18:23.694600
Hina,EMP1234RES,2024-11-30 10:18:23.736163
Hina,EMP1234RES,2024-11-30 10:18:23.768910
Hina,EMP1234RES,2024-11-30 10:18:23.792435
Hina,EMP1234RES,2024-11-30 10:18:23.826462
Hina,EMP1234RES,2024-11-30 10:18:23.870475
Hina,EMP1234RES,2024-11-30 10:18:23.907018
Hina,EMP1234RES,2024-11-30 10:18:23.946017
Hina,EMP1234RES,2024-11-30 10:18:23.971019
Hina,EMP1234RES,2024-11-30 10:18:24.000076
Hina,EMP1234RES,2024-11-30 10:18:24.038079
Hina,EMP1234RES,2024-11-30 10:18:24.067117
Hina,EMP1234RES,2024-11-30 10:18:24.103646
Hina,EMP1234RES,2024-11-30 10:18:24.127425
Hina,EMP1234RES,2024-11-30 10:18:24.165423
Hina,EMP1234RES,2024-11-30 10:18:24.227060
Hina,EMP1234RES,2024-11-30 10:18:24.277116
Hina,EMP1234RES,2024-11-30 10:18:24.308247
Hina,EMP1234RES,2024-11-30 10:18:24.341194
Hina,EMP1234RES,2024-11-30 10:18:24.379222
Hina,EMP1234RES,2024-11-30 10:18:24.400783
Hina,EMP1234RES,2024-11-30 10:18:24.438779
Hina,EMP1234RES,2024-11-30 10:18:24.471800
Hina,EMP1234RES,2024-11-30 10:18:24.495327
Hina,EMP1234RES,2024-11-30 10:18:24.529330
Hina,EMP1234RES,2024-11-30 10:18:24.561330
Hina,EMP1234RES,2024-11-30 10:18:24.601695
Hina,EMP1234RES,2024-11-30 10:18:24.629453
Hina,EMP1234RES,2024-11-30 10:18:24.672485
Hina,EMP1234RES,2024-11-30 10:18:24.706830
Hina,EMP1234RES,2024-11-30 10:18:24.736810
Hina,EMP1234RES,2024-11-30 10:18:24.774890
Hina,EMP1234RES,2024-11-30 10:18:24.797406
Hina,EMP1234RES,2024-11-30 10:18:24.839408
Hina,EMP1234RES,2024-11-30 10:18:24.872435
Hina,EMP1234RES,2024-11-30 10:18:24.896491
Hina,EMP1234RES,2024-11-30 10:18:24.932531
Hina,EMP1234RES,2024-11-30 10:18:24.965549
Hina,EMP1234RES,2024-11-30 10:18:24.995691
Hina,EMP1234RES,2024-11-30 10:18:25.024687
Hina,EMP1234RES,2024-11-30 10:18:25.070722
Hina,EMP1234RES,2024-11-30 10:18:25.111946
Hina,EMP1234RES,2024-11-30 10:18:25.139949
Hina,EMP1234RES,2024-11-30 10:18:25.166944
Hina,EMP1234RES,2024-11-30 10:18:25.201984
Hina,EMP1234RES,2024-11-30 10:18:25.235019
Hina,EMP1234RES,2024-11-30 10:18:25.269009
Hina,EMP1234RES,2024-11-30 10:18:25.295444
Hina,EMP1234RES,2024-11-30 10:18:25.330455
Hina,EMP1234RES,2024-11-30 10:18:25.360440
Hina,EMP1234RES,2024-11-30 10:18:25.389971
Hina,EMP1234RES,2024-11-30 10:18:25.431802
Hina,EMP1234RES,2024-11-30 10:18:25.479583
Hina,EMP1234RES,2024-11-30 10:18:25.511683
Hina,EMP1234RES,2024-11-30 10:18:25.542675
Hina,EMP1234RES,2024-11-30 10:18:25.576685
Hina,EMP1234RES,2024-11-30 10:18:25.612210
Hina,EMP1234RES,2024-11-30 10:18:25.645203
Hina,EMP1234RES,2024-11-30 10:18:25.672199
Hina,EMP1234RES,2024-11-30 10:18:25.695742
Hina,EMP1234RES,2024-11-30 10:18:25.733839
Hina,EMP1234RES,2024-11-30 10:18:25.762842
Hina,EMP1234RES,2024-11-30 10:18:25.792390
Hina,EMP1234RES,2024-11-30 10:18:25.832146
Hina,EMP1234RES,2024-11-30 10:18:25.872141
Hina,EMP1234RES,2024-11-30 10:18:25.906671
Hina,EMP1234RES,2024-11-30 10:18:25.942682
Hina,EMP1234RES,2024-11-30 10:18:25.970671
Hina,EMP1234RES,2024-11-30 10:18:26.001734
Hina,EMP1234RES,2024-11-30 10:18:26.031724
Hina,EMP1234RES,2024-11-30 10:18:26.062727
Hina,EMP1234RES,2024-11-30 10:18:26.099029
Hina,EMP1234RES,2024-11-30 10:18:26.133032
Hina,EMP1234RES,2024-11-30 10:18:26.162828
Hina,EMP1234RES,2024-11-30 10:18:26.195345
Hina,EMP1234RES,2024-11-30 10:18:26.225389
Hina,EMP1234RES,2024-11-30 10:18:26.281931
Hina,EMP1234RES,2024-11-30 10:18:26.308480
Hina,EMP1234RES,2024-11-30 10:18:26.335481
Hina,EMP1234RES,2024-11-30 10:18:26.368479
Hina,EMP1234RES,2024-11-30 10:18:26.404028
Hina,EMP1234RES,2024-11-30 10:18:26.437034
Hina,EMP1234RES,2024-11-30 10:18:26.466023
Hina,EMP1234RES,2024-11-30 10:18:26.498364
Hina,EMP1234RES,2024-11-30 10:18:26.527366
Hina,EMP1234RES,2024-11-30 10:18:26.563354
Hina,EMP1234RES,2024-11-30 10:18:26.598895
Hina,EMP1234RES,2024-11-30 10:18:26.638902
Hina,EMP1234RES,2024-11-30 10:18:26.679909
Hina,EMP1234RES,2024-11-30 10:18:26.720451
Hina,EMP1234RES,2024-11-30 10:18:26.748444
Hina,EMP1234RES,2024-11-30 10:18:26.777446
Hina,EMP1234RES,2024-11-30 10:18:26.811970
Hina,EMP1234RES,2024-11-30 10:18:26.843045
Hina,EMP1234RES,2024-11-30 10:18:26.862050
Hina,EMP1234RES,2024-11-30 10:18:26.903539
Hina,EMP1234RES,2024-11-30 10:18:26.933535
Hina,EMP1234RES,2024-11-30 10:18:26.964307
Hina,EMP1234RES,2024-11-30 10:18:26.993804
Hina,EMP1234RES,2024-11-30 10:18:27.039787
Hina,EMP1234RES,2024-11-30 10:18:27.076817
Hina,EMP1234RES,2024-11-30 10:18:27.112378
Hina,EMP1234RES,2024-11-30 10:18:27.143334
Hina,EMP1234RES,2024-11-30 10:18:27.177485
Hina,EMP1234RES,2024-11-30 10:18:27.206173
Hina,EMP1234RES,2024-11-30 10:18:27.235134
Hina,EMP1234RES,2024-11-30 10:18:27.276163
Hina,EMP1234RES,2024-11-30 10:18:27.301681
Hina,EMP1234RES,2024-11-30 10:18:27.329687
Hina,EMP1234RES,2024-11-30 10:18:27.364676
Hina,EMP1234RES,2024-11-30 10:18:27.397229
Hina,EMP1234RES,2024-11-30 10:18:27.448268
Hina,EMP1234RES,2024-11-30 10:18:27.487233
Hina,EMP1234RES,2024-11-30 10:18:27.508777
Hina,EMP1234RES,2024-11-30 10:18:27.539784
Hina,EMP1234RES,2024-11-30 10:18:27.569781
Hina,EMP1234RES,2024-11-30 10:18:27.613313
Hina,EMP1234RES,2024-11-30 10:18:27.639311
Hina,EMP1234RES,2024-11-30 10:18:27.667308
Hina,EMP1234RES,2024-11-30 10:18:27.699851
Hina,EMP1234RES,2024-11-30 10:18:27.728841
Hina,EMP1234RES,2024-11-30 10:18:27.768853
Hina,EMP1234RES,2024-11-30 10:18:27.800149
Hina,EMP1234RES,2024-11-30 10:18:27.843175
Hina,EMP1234RES,2024-11-30 10:18:27.875194
Hina,EMP1234RES,2024-11-30 10:18:27.909446
Hina,EMP1234RES,2024-11-30 10:18:27.939436
Hina,EMP1234RES,2024-11-30 10:18:27.975467
Hina,EMP1234RES,2024-11-30 10:18:28.003979
Hina,EMP1234RES,2024-11-30 10:18:28.034982
Hina,EMP1234RES,2024-11-30 10:18:28.066985
Hina,EMP1234RES,2024-11-30 10:18:28.100528
Hina,EMP1234RES,2024-11-30 10:18:28.138530
Hina,EMP1234RES,2024-11-30 10:18:28.164522
Hina,EMP1234RES,2024-11-30 10:18:28.202080
Hina,EMP1234RES,2024-11-30 10:18:28.249857
Hina,EMP1234RES,2024-11-30 10:18:28.282862
Hina,EMP1234RES,2024-11-30 10:18:28.309420
Hina,EMP1234RES,2024-11-30 10:18:28.343432
Hina,EMP1234RES,2024-11-30 10:18:28.373425
Hina,EMP1234RES,2024-11-30 10:18:28.402982
Hina,EMP1234RES,2024-11-30 10:18:28.432989
Hina,EMP1234RES,2024-11-30 10:18:28.477030
Hina,EMP1234RES,2024-11-30 10:18:28.501536
Hina,EMP1234RES,2024-11-30 10:18:28.536554
Hina,EMP1234RES,2024-11-30 10:18:28.563535
Hina,EMP1234RES,2024-11-30 10:18:28.606105
Hina,EMP1234RES,2024-11-30 10:18:28.653112
Hina,EMP1234RES,2024-11-30 10:18:28.681122
Hina,EMP1234RES,2024-11-30 10:18:28.715668
Hina,EMP1234RES,2024-11-30 10:18:28.747687
Hina,EMP1234RES,2024-11-30 10:18:28.772668
Hina,EMP1234RES,2024-11-30 10:18:28.810256
Hina,EMP1234RES,2024-11-30 10:18:28.841265
Hina,EMP1234RES,2024-11-30 10:18:28.867264
Hina,EMP1234RES,2024-11-30 10:18:28.897792
Hina,EMP1234RES,2024-11-30 10:18:28.936801
Hina,EMP1234RES,2024-11-30 10:18:28.977822
Hina,EMP1234RES,2024-11-30 10:18:29.005368
Hina,EMP1234RES,2024-11-30 10:18:29.042386
Hina,EMP1234RES,2024-11-30 10:18:29.075362
Hina,EMP1234RES,2024-11-30 10:18:29.107908
Hina,EMP1234RES,2024-11-30 10:18:29.143915
Hina,EMP1234RES,2024-11-30 10:18:29.172770
Hina,EMP1234RES,2024-11-30 10:18:29.205309
Hina,EMP1234RES,2024-11-30 10:18:29.236341
Hina,EMP1234RES,2024-11-30 10:18:29.267316
Hina,EMP1234RES,2024-11-30 10:18:29.306844
Hina,EMP1234RES,2024-11-30 10:18:29.328843
Hina,EMP1234RES,2024-11-30 10:18:29.366842
Hina,EMP1234RES,2024-11-30 10:18:29.394391
Hina,EMP1234RES,2024-11-30 10:18:29.444394
Hina,EMP1234RES,2024-11-30 10:18:29.486414
Hina,EMP1234RES,2024-11-30 10:18:29.510957
Hina,EMP1234RES,2024-11-30 10:18:29.537955
Hina,EMP1234RES,2024-11-30 10:18:29.576996
Hina,EMP1234RES,2024-11-30 10:18:29.608517
Hina,EMP1234RES,2024-11-30 10:18:29.641520
Hina,EMP1234RES,2024-11-30 10:18:29.668524
Hina,EMP1234RES,2024-11-30 10:18:29.697050
Hina,EMP1234RES,2024-11-30 10:18:29.736060
Hina,EMP1234RES,2024-11-30 10:18:29.766050
Hina,EMP1234RES,2024-11-30 10:18:29.802631
Hina,EMP1234RES,2024-11-30 10:18:29.847616
Hina,EMP1234RES,2024-11-30 10:18:29.875621
Hina,EMP1234RES,2024-11-30 10:18:29.907937
Hina,EMP1234RES,2024-11-30 10:18:29.935936
Hina,EMP1234RES,2024-11-30 10:18:29.971934
Hina,EMP1234RES,2024-11-30 10:18:30.010095
Hina,EMP1234RES,2024-11-30 10:18:30.035097
Hina,EMP1234RES,2024-11-30 10:18:30.065091
Hina,EMP1234RES,2024-11-30 10:18:30.163196
Hina,EMP1234RES,2024-11-30 10:18:30.245769
Hina,EMP1234RES,2024-11-30 10:18:30.276893
Hina,EMP1234RES,2024-11-30 10:18:30.313501
Hina,EMP1234RES,2024-11-30 10:18:30.343450
Hina,EMP1234RES,2024-11-30 10:18:30.377504
Hina,EMP1234RES,2024-11-30 10:18:30.406062
Hina,EMP1234RES,2024-11-30 10:18:30.438061
Hina,EMP1234RES,2024-11-30 10:18:30.474065
Hina,EMP1234RES,2024-11-30 10:18:30.503667
Hina,EMP1234RES,2024-11-30 10:18:30.536663
Hina,EMP1234RES,2024-11-30 10:18:30.567662
Hina,EMP1234RES,2024-11-30 10:18:30.597264
Hina,EMP1234RES,2024-11-30 10:18:30.653265
Hina,EMP1234RES,2024-11-30 10:18:30.680281
Hina,EMP1234RES,2024-11-30 10:18:30.709828
Hina,EMP1234RES,2024-11-30 10:18:30.740806
Hina,EMP1234RES,2024-11-30 10:18:30.836398
Hina,EMP1234RES,2024-11-30 10:18:30.869436
Hina,EMP1234RES,2024-11-30 10:18:30.903077
Hina,EMP1234RES,2024-11-30 10:18:30.933070
Hina,EMP1234RES,2024-11-30 10:18:31.042478
Hina,EMP1234RES,2024-11-30 10:18:31.080493
Hina,EMP1234RES,2024-11-30 10:18:31.110020
Hina,EMP1234RES,2024-11-30 10:18:31.145035
Hina,EMP1234RES,2024-11-30 10:18:31.174753
Hina,EMP1234RES,2024-11-30 10:18:31.210333
Hina,EMP1234RES,2024-11-30 10:18:31.236390
Hina,EMP1234RES,2024-11-30 10:18:31.264384
Hina,EMP1234RES,2024-11-30 10:18:31.312836
Hina,EMP1234RES,2024-11-30 10:18:31.338817
Hina,EMP1234RES,2024-11-30 10:18:31.363810
Hina,EMP1234RES,2024-11-30 10:18:31.399361
Hina,EMP1234RES,2024-11-30 10:18:31.441456
Hina,EMP1234RES,2024-11-30 10:18:31.481472
Hina,EMP1234RES,2024-11-30 10:18:31.507989
Hina,EMP1234RES,2024-11-30 10:18:31.543763
Hina,EMP1234RES,2024-11-30 10:18:31.573774
Hina,EMP1234RES,2024-11-30 10:18:31.611341
Hina,EMP1234RES,2024-11-30 10:18:31.646333
Hina,EMP1234RES,2024-11-30 10:18:31.667334
Hina,EMP1234RES,2024-11-30 10:18:31.701876
Hina,EMP1234RES,2024-11-30 10:18:31.733879
Hina,EMP1234RES,2024-11-30 10:18:31.762867
Hina,EMP1234RES,2024-11-30 10:18:31.913970
Hina,EMP1234RES,2024-11-30 10:18:31.946947
Hina,EMP1234RES,2024-11-30 10:18:31.988958
Hina,EMP1234RES,2024-11-30 10:18:32.022508
Hina,EMP1234RES,2024-11-30 10:18:32.061499
Hina,EMP1234RES,2024-11-30 10:18:32.090507
Hina,EMP1234RES,2024-11-30 10:18:32.126052
Hina,EMP1234RES,2024-11-30 10:18:32.160665
Hina,EMP1234RES,2024-11-30 10:18:32.189771
Hina,EMP1234RES,2024-11-30 10:18:32.215458
Hina,EMP1234RES,2024-11-30 10:18:32.248442
Hina,EMP1234RES,2024-11-30 10:18:32.281471
Hina,EMP1234RES,2024-11-30 10:18:32.315059
Hina,EMP1234RES,2024-11-30 10:18:32.347072
Hina,EMP1234RES,2024-11-30 10:18:32.374051
Hina,EMP1234RES,2024-11-30 10:18:32.410603
Hina,EMP1234RES,2024-11-30 10:18:32.437607
Hina,EMP1234RES,2024-11-30 10:18:32.531154
Hina,EMP1234RES,2024-11-30 10:18:32.571175
Hina,EMP1234RES,2024-11-30 10:18:32.714246
Hina,EMP1234RES,2024-11-30 10:18:32.745331
Hina,EMP1234RES,2024-11-30 10:18:32.775262
Hina,EMP1234RES,2024-11-30 10:18:32.812677
Hina,EMP1234RES,2024-11-30 10:18:32.840675
Hina,EMP1234RES,2024-11-30 10:18:32.868686
Hina,EMP1234RES,2024-11-30 10:18:32.900215
Hina,EMP1234RES,2024-11-30 10:18:32.937215
Hina,EMP1234RES,2024-11-30 10:18:32.974217
Hina,EMP1234RES,2024-11-30 10:18:33.004788
Hina,EMP1234RES,2024-11-30 10:18:33.048789
Hina,EMP1234RES,2024-11-30 10:18:33.088800
Hina,EMP1234RES,2024-11-30 10:18:33.114321
Hina,EMP1234RES,2024-11-30 10:18:33.145322
Hina,EMP1234RES,2024-11-30 10:18:33.182350
Hina,EMP1234RES,2024-11-30 10:18:33.206444
Hina,EMP1234RES,2024-11-30 10:18:33.238449
Hina,EMP1234RES,2024-11-30 10:18:33.267444
Hina,EMP1234RES,2024-11-30 10:18:33.305664
Hina,EMP1234RES,2024-11-30 10:18:33.333670
Hina,EMP1234RES,2024-11-30 10:18:33.366670
Hina,EMP1234RES,2024-11-30 10:18:33.397199
Hina,EMP1234RES,2024-11-30 10:18:33.442246
Hina,EMP1234RES,2024-11-30 10:18:33.481251
Hina,EMP1234RES,2024-11-30 10:18:33.514765
Hina,EMP1234RES,2024-11-30 10:18:33.544785
Hina,EMP1234RES,2024-11-30 10:18:33.571762
Hina,EMP1234RES,2024-11-30 10:18:33.604968
Hina,EMP1234RES,2024-11-30 10:18:33.674961
Hina,EMP1234RES,2024-11-30 10:18:33.701512
Hina,EMP1234RES,2024-11-30 10:18:33.730508
Hina,EMP1234RES,2024-11-30 10:18:33.764503
Hina,EMP1234RES,2024-11-30 10:18:33.802075
Hina,EMP1234RES,2024-11-30 10:18:33.847105
Hina,EMP1234RES,2024-11-30 10:18:33.886220
Hina,EMP1234RES,2024-11-30 10:18:33.918300
Hina,EMP1234RES,2024-11-30 10:18:33.952296
Hina,EMP1234RES,2024-11-30 10:18:33.979295
Hina,EMP1234RES,2024-11-30 10:18:34.038852
Hina,EMP1234RES,2024-11-30 10:18:34.070852
Hina,EMP1234RES,2024-11-30 10:18:34.097389
Hina,EMP1234RES,2024-11-30 10:18:34.135388
Hina,EMP1234RES,2024-11-30 10:18:34.162385
Hina,EMP1234RES,2024-11-30 10:18:34.197933
Hina,EMP1234RES,2024-11-30 10:18:34.243939
Hina,EMP1234RES,2024-11-30 10:18:34.273936
Hina,EMP1234RES,2024-11-30 10:18:34.315494
Hina,EMP1234RES,2024-11-30 10:18:34.346510
Hina,EMP1234RES,2024-11-30 10:18:34.372482
Hina,EMP1234RES,2024-11-30 10:18:34.403010
Hina,EMP1234RES,2024-11-30 10:18:34.438022
Hina,EMP1234RES,2024-11-30 10:18:34.471012
Hina,EMP1234RES,2024-11-30 10:18:34.495554
Hina,EMP1234RES,2024-11-30 10:18:34.534571
Hina,EMP1234RES,2024-11-30 10:18:34.564576
Hina,EMP1234RES,2024-11-30 10:18:34.598149
Hina,EMP1234RES,2024-11-30 10:18:34.740697
Hina,EMP1234RES,2024-11-30 10:18:34.769706
Hina,EMP1234RES,2024-11-30 10:18:34.816148
Hina,EMP1234RES,2024-11-30 10:18:34.844152
Hina,EMP1234RES,2024-11-30 10:18:34.868150
Hina,EMP1234RES,2024-11-30 10:18:34.993718
Hina,EMP1234RES,2024-11-30 10:18:35.047262
Hina,EMP1234RES,2024-11-30 10:18:35.077255
Hina,EMP1234RES,2024-11-30 10:18:35.111804
Hina,EMP1234RES,2024-11-30 10:18:35.148797
Hina,EMP1234RES,2024-11-30 10:18:35.175819
Hina,EMP1234RES,2024-11-30 10:18:35.207183
Hina,EMP1234RES,2024-11-30 10:18:35.234187
Hina,EMP1234RES,2024-11-30 10:18:35.270184
Hina,EMP1234RES,2024-11-30 10:18:35.306754
Hina,EMP1234RES,2024-11-30 10:18:35.334759
Hina,EMP1234RES,2024-11-30 10:18:35.367755
Hina,EMP1234RES,2024-11-30 10:18:35.396916
Hina,EMP1234RES,2024-11-30 10:18:35.445930
Hina,EMP1234RES,2024-11-30 10:18:35.515508
Hina,EMP1234RES,2024-11-30 10:18:35.549478
Hina,EMP1234RES,2024-11-30 10:18:35.585503
Hina,EMP1234RES,2024-11-30 10:18:35.620046
Hina,EMP1234RES,2024-11-30 10:18:35.657048
Hina,EMP1234RES,2024-11-30 10:18:35.690069
Hina,EMP1234RES,2024-11-30 10:18:35.723598
Hina,EMP1234RES,2024-11-30 10:18:35.759598
Hina,EMP1234RES,2024-11-30 10:18:35.794622
Hina,EMP1234RES,2024-11-30 10:18:35.833168
Hina,EMP1234RES,2024-11-30 10:18:35.892191
Hina,EMP1234RES,2024-11-30 10:18:35.928734
Hina,EMP1234RES,2024-11-30 10:18:36.411579
Hina,EMP1234RES,2024-11-30 10:18:36.494583
diol,asdas324,2025-01-19 14:33:19.420385
diol,asdas324,2025-01-19 14:33:21.219856
diol,asdas324,2025-01-19 14:33:21.271412
diol,asdas324,2025-01-19 14:33:21.304504
diol,asdas324,2025-01-19 14:33:21.337054
diol,asdas324,2025-01-19 14:33:21.473990
diol,asdas324,2025-01-19 14:33:21.504511
diol,asdas324,2025-01-19 14:33:21.553201
diol,asdas324,2025-01-19 14:33:21.586649
diol,asdas324,2025-01-19 14:33:21.621618
diol,asdas324,2025-01-19 14:33:21.655305
diol,asdas324,2025-01-19 14:33:21.703835
diol,asdas324,2025-01-19 14:33:21.738098
diol,asdas324,2025-01-19 14:33:21.806294
diol,asdas324,2025-01-19 14:33:21.839247
diol,asdas324,2025-01-19 14:33:21.881447
diol,asdas324,2025-01-19 14:33:21.905145
diol,asdas324,2025-01-19 14:33:21.953149
diol,asdas324,2025-01-19 14:33:21.986825
diol,asdas324,2025-01-19 14:33:22.038154
diol,asdas324,2025-01-19 14:33:22.081650
diol,asdas324,2025-01-19 14:33:22.105082
diol,asdas324,2025-01-19 14:33:22.175567
diol,asdas324,2025-01-19 14:33:22.206011
diol,asdas324,2025-01-19 14:33:22.419518
diol,asdas324,2025-01-19 14:33:22.437793
diol,asdas324,2025-01-19 14:33:23.008776
diol,asdas324,2025-01-19 14:33:23.023287
diol,asdas324,2025-01-19 14:33:23.083586
diol,asdas324,2025-01-19 14:33:23.108210
diol,asdas324,2025-01-19 14:33:23.152900
diol,asdas324,2025-01-19 14:33:23.188969
diol,asdas324,2025-01-19 14:33:23.485894
diol,asdas324,2025-01-19 14:33:23.521093
diol,asdas324,2025-01-19 14:33:23.619362
diol,asdas324,2025-01-19 14:33:23.673875
diol,asdas324,2025-01-19 14:33:23.890391
diol,asdas324,2025-01-19 14:33:23.909279
diol,asdas324,2025-01-19 14:33:24.088185
diol,asdas324,2025-01-19 14:33:24.109430
diol,asdas324,2025-01-19 14:33:24.138599
diol,asdas324,2025-01-19 14:33:24.193456
diol,asdas324,2025-01-19 14:33:24.252489
diol,asdas324,2025-01-19 14:33:24.285785
diol,asdas324,2025-01-19 14:33:24.387616
diol,asdas324,2025-01-19 14:33:24.421966
diol,asdas324,2025-01-19 14:33:24.502548
diol,asdas324,2025-01-19 14:33:24.537068
diol,asdas324,2025-01-19 14:33:24.585493
diol,asdas324,2025-01-19 14:33:24.620650
diol,asdas324,2025-01-19 14:33:24.673723
diol,asdas324,2025-01-19 14:33:24.710051
diol,asdas324,2025-01-19 14:33:24.754190
diol,asdas324,2025-01-19 14:33:24.818985
diol,asdas324,2025-01-19 14:33:24.869517
diol,asdas324,2025-01-19 14:33:24.902266
diol,asdas324,2025-01-19 14:33:24.936712
diol,asdas324,2025-01-19 14:33:24.986955
diol,asdas324,2025-01-19 14:33:25.010503
diol,asdas324,2025-01-19 14:33:25.037211
diol,asdas324,2025-01-19 14:33:25.085783
diol,asdas324,2025-01-19 14:33:25.135622
diol,asdas324,2025-01-19 14:33:25.184597
diol,asdas324,2025-01-19 14:33:25.235719
diol,asdas324,2025-01-19 14:33:25.285541
diol,asdas324,2025-01-19 14:33:25.335522
diol,asdas324,2025-01-19 14:33:25.385503
diol,asdas324,2025-01-19 14:33:25.435528
diol,asdas324,2025-01-19 14:33:25.468147
diol,asdas324,2025-01-19 14:33:25.511092
diol,asdas324,2025-01-19 14:33:25.552176
diol,asdas324,2025-01-19 14:33:25.585496
diol,asdas324,2025-01-19 14:33:25.652205
diol,asdas324,2025-01-19 14:33:25.685958
diol,asdas324,2025-01-19 14:33:25.720351
diol,asdas324,2025-01-19 14:33:25.775532
diol,asdas324,2025-01-19 14:33:25.787012
diol,asdas324,2025-01-19 14:33:25.821129
diol,asdas324,2025-01-19 14:33:25.885282
diol,asdas324,2025-01-19 14:33:25.920290
diol,asdas324,2025-01-19 14:33:25.982499
diol,asdas324,2025-01-19 14:33:26.018845
diol,asdas324,2025-01-19 14:33:26.053408
diol,asdas324,2025-01-19 14:33:26.093941
diol,asdas324,2025-01-19 14:33:26.135203
diol,asdas324,2025-01-19 14:33:26.192927
diol,asdas324,2025-01-19 14:33:26.237042
diol,asdas324,2025-01-19 14:33:26.285371
diol,asdas324,2025-01-19 14:33:26.351576
diol,asdas324,2025-01-19 14:33:26.385237
diol,asdas324,2025-01-19 14:33:26.437581
diol,asdas324,2025-01-19 14:33:26.485342
diol,asdas324,2025-01-19 14:33:26.520232
diol,asdas324,2025-01-19 14:33:26.584140
diol,asdas324,2025-01-19 14:33:26.620506
diol,asdas324,2025-01-19 14:33:26.685003
diol,asdas324,2025-01-19 14:33:26.836492
diol,asdas324,2025-01-19 14:33:26.884380
diol,asdas324,2025-01-19 14:33:26.918603
diol,asdas324,2025-01-19 14:33:26.969192
diol,asdas324,2025-01-19 14:33:27.001829
diol,asdas324,2025-01-19 14:33:27.037335
diol,asdas324,2025-01-19 14:33:27.093146
diol,asdas324,2025-01-19 14:33:27.135254
diol,asdas324,2025-01-19 14:33:27.186002
diol,asdas324,2025-01-19 14:33:27.235083
diol,asdas324,2025-01-19 14:33:27.283222
diol,asdas324,2025-01-19 14:33:27.318681
diol,asdas324,2025-01-19 14:33:27.353625
diol,asdas324,2025-01-19 14:33:27.418646
diol,asdas324,2025-01-19 14:33:27.451720
diol,asdas324,2025-01-19 14:33:27.485322
diol,asdas324,2025-01-19 14:33:27.535314
diol,asdas324,2025-01-19 14:33:27.569716
diol,asdas324,2025-01-19 14:33:27.618379
diol,asdas324,2025-01-19 14:33:27.669669
diol,asdas324,2025-01-19 14:33:27.714673
diol,asdas324,2025-01-19 14:33:27.751632
diol,asdas324,2025-01-19 14:33:27.786450
diol,asdas324,2025-01-19 14:33:27.836444
diol,asdas324,2025-01-19 14:33:27.879157
diol,asdas324,2025-01-19 14:33:27.934915
diol,asdas324,2025-01-19 14:33:27.984164
diol,asdas324,2025-01-19 14:33:28.018095
diol,asdas324,2025-01-19 14:33:28.071048
diol,asdas324,2025-01-19 14:33:28.101499
diol,asdas324,2025-01-19 14:33:28.151508
diol,asdas324,2025-01-19 14:33:28.202811
diol,asdas324,2025-01-19 14:33:28.251534
diol,asdas324,2025-01-19 14:33:28.284843
diol,asdas324,2025-01-19 14:33:28.328665
diol,asdas324,2025-01-19 14:33:28.384785
diol,asdas324,2025-01-19 14:33:28.415146
diol,asdas324,2025-01-19 14:33:28.470820
diol,asdas324,2025-01-19 14:33:28.518039
diol,asdas324,2025-01-19 14:33:28.551412
diol,asdas324,2025-01-19 14:33:28.601451
diol,asdas324,2025-01-19 14:33:28.642224
diol,asdas324,2025-01-19 14:33:28.701422
diol,asdas324,2025-01-19 14:33:28.734938
diol,asdas324,2025-01-19 14:33:28.784665
diol,asdas324,2025-01-19 14:33:28.818159
diol,asdas324,2025-01-19 14:33:28.884551
diol,asdas324,2025-01-19 14:33:28.917972
diol,asdas324,2025-01-19 14:33:28.968134
diol,asdas324,2025-01-19 14:33:29.017949
diol,asdas324,2025-01-19 14:33:29.035566
diol,asdas324,2025-01-19 14:33:29.101129
diol,asdas324,2025-01-19 14:33:29.151225
diol,asdas324,2025-01-19 14:33:29.184535
diol,asdas324,2025-01-19 14:33:29.234772
diol,asdas324,2025-01-19 14:33:29.284799
diol,asdas324,2025-01-19 14:33:29.334531
diol,asdas324,2025-01-19 14:33:29.369393
diol,asdas324,2025-01-19 14:33:29.425788
diol,asdas324,2025-01-19 14:33:29.484374
diol,asdas324,2025-01-19 14:33:29.534409
diol,asdas324,2025-01-19 14:33:29.568021
diol,asdas324,2025-01-19 14:33:29.617706
diol,asdas324,2025-01-19 14:33:29.668700
diol,asdas324,2025-01-19 14:33:29.702838
diol,asdas324,2025-01-19 14:33:29.767975
diol,asdas324,2025-01-19 14:33:29.821796
diol,asdas324,2025-01-19 14:33:29.886065
diol,asdas324,2025-01-19 14:33:29.919090
diol,asdas324,2025-01-19 14:33:29.967690
diol,asdas324,2025-01-19 14:33:30.001140
diol,asdas324,2025-01-19 14:33:30.035984
diol,asdas324,2025-01-19 14:33:30.084315
diol,asdas324,2025-01-19 14:33:30.118944
diol,asdas324,2025-01-19 14:33:30.152526
diol,asdas324,2025-01-19 14:33:30.221445
diol,asdas324,2025-01-19 14:33:30.289691
diol,asdas324,2025-01-19 14:33:30.318985
diol,asdas324,2025-01-19 14:33:30.369305
diol,asdas324,2025-01-19 14:33:30.418923
diol,asdas324,2025-01-19 14:33:30.467981
diol,asdas324,2025-01-19 14:33:30.519226
diol,asdas324,2025-01-19 14:33:30.551001
diol,asdas324,2025-01-19 14:33:30.586097
diol,asdas324,2025-01-19 14:33:30.650826
diol,asdas324,2025-01-19 14:33:30.685047
diol,asdas324,2025-01-19 14:33:30.734340
diol,asdas324,2025-01-19 14:33:30.768932
diol,asdas324,2025-01-19 14:33:30.821234
diol,asdas324,2025-01-19 14:33:30.884343
diol,asdas324,2025-01-19 14:33:30.917456
diol,asdas324,2025-01-19 14:33:30.950722
diol,asdas324,2025-01-19 14:33:31.000963
diol,asdas324,2025-01-19 14:33:31.084304
diol,asdas324,2025-01-19 14:33:31.140348
diol,asdas324,2025-01-19 14:33:31.167551
diol,asdas324,2025-01-19 14:33:31.200709
diol,asdas324,2025-01-19 14:33:31.251982
diol,asdas324,2025-01-19 14:33:31.300697
diol,asdas324,2025-01-19 14:33:31.358451
diol,asdas324,2025-01-19 14:33:31.417418
diol,asdas324,2025-01-19 14:33:31.450622
diol,asdas324,2025-01-19 14:33:31.483924
diol,asdas324,2025-01-19 14:33:31.534036
diol,asdas324,2025-01-19 14:33:31.585220
diol,asdas324,2025-01-19 14:33:31.619998
diol,asdas324,2025-01-19 14:33:31.733928
diol,asdas324,2025-01-19 14:33:31.801825
diol,asdas324,2025-01-19 14:33:31.834061
diol,asdas324,2025-01-19 14:33:31.885095
diol,asdas324,2025-01-19 14:33:31.920153
diol,asdas324,2025-01-19 14:33:31.968846
diol,asdas324,2025-01-19 14:33:32.018515
diol,asdas324,2025-01-19 14:33:32.067712
diol,asdas324,2025-01-19 14:33:32.100755
diol,asdas324,2025-01-19 14:33:32.150838
diol,asdas324,2025-01-19 14:33:32.183855
diol,asdas324,2025-01-19 14:33:32.220503
diol,asdas324,2025-01-19 14:33:32.285301
diol,asdas324,2025-01-19 14:33:32.326452
diol,asdas324,2025-01-19 14:33:32.467223
diol,asdas324,2025-01-19 14:33:32.517340
diol,asdas324,2025-01-19 14:33:32.551615
diol,asdas324,2025-01-19 14:33:32.600386
diol,asdas324,2025-01-19 14:33:32.650451
diol,asdas324,2025-01-19 14:33:32.685489
diol,asdas324,2025-01-19 14:33:32.750286
diol,asdas324,2025-01-19 14:33:32.800465
diol,asdas324,2025-01-19 14:33:32.835215
diol,asdas324,2025-01-19 14:33:32.883880
diol,asdas324,2025-01-19 14:33:32.922089
diol,asdas324,2025-01-19 14:33:32.967077
diol,asdas324,2025-01-19 14:33:33.022137
diol,asdas324,2025-01-19 14:33:33.090148
diol,asdas324,2025-01-19 14:33:33.122246
diol,asdas324,2025-01-19 14:33:33.184836
diol,asdas324,2025-01-19 14:33:33.222230
diol,asdas324,2025-01-19 14:33:33.268346
diol,asdas324,2025-01-19 14:33:33.316819
diol,asdas324,2025-01-19 14:33:33.352102
diol,asdas324,2025-01-19 14:33:33.400212
diol,asdas324,2025-01-19 14:33:33.433749
diol,asdas324,2025-01-19 14:33:33.485986
diol,asdas324,2025-01-19 14:33:33.523206
diol,asdas324,2025-01-19 14:33:33.566713
diol,asdas324,2025-01-19 14:33:33.600142
diol,asdas324,2025-01-19 14:33:33.649351
diol,asdas324,2025-01-19 14:33:33.700076
diol,asdas324,2025-01-19 14:33:33.750362
diol,asdas324,2025-01-19 14:33:33.783302
diol,asdas324,2025-01-19 14:33:33.823629
diol,asdas324,2025-01-19 14:33:33.888691
diol,asdas324,2025-01-19 14:33:33.923602
diol,asdas324,2025-01-19 14:33:33.968180
diol,asdas324,2025-01-19 14:33:34.016633
diol,asdas324,2025-01-19 14:33:34.051566
diol,asdas324,2025-01-19 14:33:34.099862
diol,asdas324,2025-01-19 14:33:34.151357
diol,asdas324,2025-01-19 14:33:34.203082
diol,asdas324,2025-01-19 14:33:34.234851
diol,asdas324,2025-01-19 14:33:34.285055
diol,asdas324,2025-01-19 14:33:34.333197
diol,asdas324,2025-01-19 14:33:34.368174
diol,asdas324,2025-01-19 14:33:34.417837
diol,asdas324,2025-01-19 14:33:34.451555
diol,asdas324,2025-01-19 14:33:34.501650
diol,asdas324,2025-01-19 14:33:34.551324
diol,asdas324,2025-01-19 14:33:34.601742
diol,asdas324,2025-01-19 14:33:34.649733
diol,asdas324,2025-01-19 14:33:34.699804
diol,asdas324,2025-01-19 14:33:34.749755
diol,asdas324,2025-01-19 14:33:34.784673
diol,asdas324,2025-01-19 14:33:34.832361
diol,asdas324,2025-01-19 14:33:34.866500
diol,asdas324,2025-01-19 14:33:34.901381
diol,asdas324,2025-01-19 14:33:34.951298
diol,asdas324,2025-01-19 14:33:35.001217
diol,asdas324,2025-01-19 14:33:35.050986
diol,asdas324,2025-01-19 14:33:35.099663
diol,asdas324,2025-01-19 14:33:35.149666
diol,asdas324,2025-01-19 14:33:35.183137
diol,asdas324,2025-01-19 14:33:35.225582
diol,asdas324,2025-01-19 14:33:35.266379
diol,asdas324,2025-01-19 14:33:35.285820
diol,asdas324,2025-01-19 14:33:35.333042
diol,asdas324,2025-01-19 14:33:35.367661
diol,asdas324,2025-01-19 14:33:35.425379
diol,asdas324,2025-01-19 14:33:35.484461
diol,asdas324,2025-01-19 14:33:35.525398
diol,asdas324,2025-01-19 14:33:35.567978
diol,asdas324,2025-01-19 14:33:35.616499
diol,asdas324,2025-01-19 14:33:35.649615
diol,asdas324,2025-01-19 14:33:35.699329
diol,asdas324,2025-01-19 14:33:35.752272
diol,asdas324,2025-01-19 14:33:35.799460
diol,asdas324,2025-01-19 14:33:35.834353
diol,asdas324,2025-01-19 14:33:35.885126
diol,asdas324,2025-01-19 14:33:35.932688
diol,asdas324,2025-01-19 14:33:35.982973
diol,asdas324,2025-01-19 14:33:36.016424
diol,asdas324,2025-01-19 14:33:36.066471
diol,asdas324,2025-01-19 14:33:36.116166
diol,asdas324,2025-01-19 14:33:36.150790
diol,asdas324,2025-01-19 14:33:36.199459
diol,asdas324,2025-01-19 14:33:36.249583
diol,asdas324,2025-01-19 14:33:36.291870
diol,asdas324,2025-01-19 14:33:36.332941
diol,asdas324,2025-01-19 14:33:36.366646
diol,asdas324,2025-01-19 14:33:36.404033
diol,asdas324,2025-01-19 14:33:36.444962
diol,asdas324,2025-01-19 14:33:36.504068
